[{"model": "admin.logentry", "pk": 1, "fields": {"action_time": "2021-07-24T08:32:36.479Z", "user": 2, "content_type": 8, "object_id": "1", "object_repr": "id151214576", "action_flag": 3, "change_message": ""}}, {"model": "admin.logentry", "pk": 2, "fields": {"action_time": "2021-07-24T09:51:17.436Z", "user": 2, "content_type": 8, "object_id": "7", "object_repr": "id151214576", "action_flag": 3, "change_message": ""}}, {"model": "admin.logentry", "pk": 3, "fields": {"action_time": "2021-07-24T09:51:17.444Z", "user": 2, "content_type": 8, "object_id": "8", "object_repr": "kll2dot", "action_flag": 3, "change_message": ""}}, {"model": "admin.logentry", "pk": 4, "fields": {"action_time": "2021-07-25T09:53:55.210Z", "user": 2, "content_type": 8, "object_id": "11", "object_repr": "KLLRAZ", "action_flag": 3, "change_message": ""}}, {"model": "admin.logentry", "pk": 5, "fields": {"action_time": "2021-07-25T09:53:55.219Z", "user": 2, "content_type": 8, "object_id": "12", "object_repr": "id151214576", "action_flag": 3, "change_message": ""}}, {"model": "admin.logentry", "pk": 6, "fields": {"action_time": "2021-07-25T09:53:55.225Z", "user": 2, "content_type": 8, "object_id": "9", "object_repr": "kll2dot", "action_flag": 3, "change_message": ""}}, {"model": "admin.logentry", "pk": 7, "fields": {"action_time": "2021-07-29T20:48:39.698Z", "user": 2, "content_type": 16, "object_id": "8", "object_repr": "Заказ 8", "action_flag": 3, "change_message": ""}}, {"model": "admin.logentry", "pk": 8, "fields": {"action_time": "2021-07-29T20:48:39.709Z", "user": 2, "content_type": 16, "object_id": "7", "object_repr": "Заказ 7", "action_flag": 3, "change_message": ""}}, {"model": "admin.logentry", "pk": 9, "fields": {"action_time": "2021-07-29T20:48:39.716Z", "user": 2, "content_type": 16, "object_id": "6", "object_repr": "Заказ 6", "action_flag": 3, "change_message": ""}}, {"model": "admin.logentry", "pk": 10, "fields": {"action_time": "2021-07-29T20:48:39.725Z", "user": 2, "content_type": 16, "object_id": "5", "object_repr": "Заказ 5", "action_flag": 3, "change_message": ""}}, {"model": "admin.logentry", "pk": 11, "fields": {"action_time": "2021-07-29T20:48:39.738Z", "user": 2, "content_type": 16, "object_id": "4", "object_repr": "Заказ 4", "action_flag": 3, "change_message": ""}}, {"model": "admin.logentry", "pk": 12, "fields": {"action_time": "2021-07-29T20:48:39.751Z", "user": 2, "content_type": 16, "object_id": "3", "object_repr": "Заказ 3", "action_flag": 3, "change_message": ""}}, {"model": "admin.logentry", "pk": 13, "fields": {"action_time": "2021-07-29T20:48:39.762Z", "user": 2, "content_type": 16, "object_id": "2", "object_repr": "Заказ 2", "action_flag": 3, "change_message": ""}}, {"model": "admin.logentry", "pk": 14, "fields": {"action_time": "2021-07-29T20:48:39.775Z", "user": 2, "content_type": 16, "object_id": "1", "object_repr": "Заказ 1", "action_flag": 3, "change_message": ""}}, {"model": "auth.permission", "pk": 1, "fields": {"name": "Can add log entry", "content_type": 1, "codename": "add_logentry"}}, {"model": "auth.permission", "pk": 2, "fields": {"name": "Can change log entry", "content_type": 1, "codename": "change_logentry"}}, {"model": "auth.permission", "pk": 3, "fields": {"name": "Can delete log entry", "content_type": 1, "codename": "delete_logentry"}}, {"model": "auth.permission", "pk": 4, "fields": {"name": "Can view log entry", "content_type": 1, "codename": "view_logentry"}}, {"model": "auth.permission", "pk": 5, "fields": {"name": "Can add permission", "content_type": 2, "codename": "add_permission"}}, {"model": "auth.permission", "pk": 6, "fields": {"name": "Can change permission", "content_type": 2, "codename": "change_permission"}}, {"model": "auth.permission", "pk": 7, "fields": {"name": "Can delete permission", "content_type": 2, "codename": "delete_permission"}}, {"model": "auth.permission", "pk": 8, "fields": {"name": "Can view permission", "content_type": 2, "codename": "view_permission"}}, {"model": "auth.permission", "pk": 9, "fields": {"name": "Can add group", "content_type": 3, "codename": "add_group"}}, {"model": "auth.permission", "pk": 10, "fields": {"name": "Can change group", "content_type": 3, "codename": "change_group"}}, {"model": "auth.permission", "pk": 11, "fields": {"name": "Can delete group", "content_type": 3, "codename": "delete_group"}}, {"model": "auth.permission", "pk": 12, "fields": {"name": "Can view group", "content_type": 3, "codename": "view_group"}}, {"model": "auth.permission", "pk": 13, "fields": {"name": "Can add content type", "content_type": 4, "codename": "add_contenttype"}}, {"model": "auth.permission", "pk": 14, "fields": {"name": "Can change content type", "content_type": 4, "codename": "change_contenttype"}}, {"model": "auth.permission", "pk": 15, "fields": {"name": "Can delete content type", "content_type": 4, "codename": "delete_contenttype"}}, {"model": "auth.permission", "pk": 16, "fields": {"name": "Can view content type", "content_type": 4, "codename": "view_contenttype"}}, {"model": "auth.permission", "pk": 17, "fields": {"name": "Can add session", "content_type": 5, "codename": "add_session"}}, {"model": "auth.permission", "pk": 18, "fields": {"name": "Can change session", "content_type": 5, "codename": "change_session"}}, {"model": "auth.permission", "pk": 19, "fields": {"name": "Can delete session", "content_type": 5, "codename": "delete_session"}}, {"model": "auth.permission", "pk": 20, "fields": {"name": "Can view session", "content_type": 5, "codename": "view_session"}}, {"model": "auth.permission", "pk": 21, "fields": {"name": "Can add product category", "content_type": 6, "codename": "add_productcategory"}}, {"model": "auth.permission", "pk": 22, "fields": {"name": "Can change product category", "content_type": 6, "codename": "change_productcategory"}}, {"model": "auth.permission", "pk": 23, "fields": {"name": "Can delete product category", "content_type": 6, "codename": "delete_productcategory"}}, {"model": "auth.permission", "pk": 24, "fields": {"name": "Can view product category", "content_type": 6, "codename": "view_productcategory"}}, {"model": "auth.permission", "pk": 25, "fields": {"name": "Can add product", "content_type": 7, "codename": "add_product"}}, {"model": "auth.permission", "pk": 26, "fields": {"name": "Can change product", "content_type": 7, "codename": "change_product"}}, {"model": "auth.permission", "pk": 27, "fields": {"name": "Can delete product", "content_type": 7, "codename": "delete_product"}}, {"model": "auth.permission", "pk": 28, "fields": {"name": "Can view product", "content_type": 7, "codename": "view_product"}}, {"model": "auth.permission", "pk": 29, "fields": {"name": "Can add user", "content_type": 8, "codename": "add_user"}}, {"model": "auth.permission", "pk": 30, "fields": {"name": "Can change user", "content_type": 8, "codename": "change_user"}}, {"model": "auth.permission", "pk": 31, "fields": {"name": "Can delete user", "content_type": 8, "codename": "delete_user"}}, {"model": "auth.permission", "pk": 32, "fields": {"name": "Can view user", "content_type": 8, "codename": "view_user"}}, {"model": "auth.permission", "pk": 33, "fields": {"name": "Can add user profile", "content_type": 9, "codename": "add_userprofile"}}, {"model": "auth.permission", "pk": 34, "fields": {"name": "Can change user profile", "content_type": 9, "codename": "change_userprofile"}}, {"model": "auth.permission", "pk": 35, "fields": {"name": "Can delete user profile", "content_type": 9, "codename": "delete_userprofile"}}, {"model": "auth.permission", "pk": 36, "fields": {"name": "Can view user profile", "content_type": 9, "codename": "view_userprofile"}}, {"model": "auth.permission", "pk": 37, "fields": {"name": "Can add basket", "content_type": 10, "codename": "add_basket"}}, {"model": "auth.permission", "pk": 38, "fields": {"name": "Can change basket", "content_type": 10, "codename": "change_basket"}}, {"model": "auth.permission", "pk": 39, "fields": {"name": "Can delete basket", "content_type": 10, "codename": "delete_basket"}}, {"model": "auth.permission", "pk": 40, "fields": {"name": "Can view basket", "content_type": 10, "codename": "view_basket"}}, {"model": "auth.permission", "pk": 41, "fields": {"name": "Can add association", "content_type": 11, "codename": "add_association"}}, {"model": "auth.permission", "pk": 42, "fields": {"name": "Can change association", "content_type": 11, "codename": "change_association"}}, {"model": "auth.permission", "pk": 43, "fields": {"name": "Can delete association", "content_type": 11, "codename": "delete_association"}}, {"model": "auth.permission", "pk": 44, "fields": {"name": "Can view association", "content_type": 11, "codename": "view_association"}}, {"model": "auth.permission", "pk": 45, "fields": {"name": "Can add code", "content_type": 12, "codename": "add_code"}}, {"model": "auth.permission", "pk": 46, "fields": {"name": "Can change code", "content_type": 12, "codename": "change_code"}}, {"model": "auth.permission", "pk": 47, "fields": {"name": "Can delete code", "content_type": 12, "codename": "delete_code"}}, {"model": "auth.permission", "pk": 48, "fields": {"name": "Can view code", "content_type": 12, "codename": "view_code"}}, {"model": "auth.permission", "pk": 49, "fields": {"name": "Can add nonce", "content_type": 13, "codename": "add_nonce"}}, {"model": "auth.permission", "pk": 50, "fields": {"name": "Can change nonce", "content_type": 13, "codename": "change_nonce"}}, {"model": "auth.permission", "pk": 51, "fields": {"name": "Can delete nonce", "content_type": 13, "codename": "delete_nonce"}}, {"model": "auth.permission", "pk": 52, "fields": {"name": "Can view nonce", "content_type": 13, "codename": "view_nonce"}}, {"model": "auth.permission", "pk": 53, "fields": {"name": "Can add user social auth", "content_type": 14, "codename": "add_usersocialauth"}}, {"model": "auth.permission", "pk": 54, "fields": {"name": "Can change user social auth", "content_type": 14, "codename": "change_usersocialauth"}}, {"model": "auth.permission", "pk": 55, "fields": {"name": "Can delete user social auth", "content_type": 14, "codename": "delete_usersocialauth"}}, {"model": "auth.permission", "pk": 56, "fields": {"name": "Can view user social auth", "content_type": 14, "codename": "view_usersocialauth"}}, {"model": "auth.permission", "pk": 57, "fields": {"name": "Can add partial", "content_type": 15, "codename": "add_partial"}}, {"model": "auth.permission", "pk": 58, "fields": {"name": "Can change partial", "content_type": 15, "codename": "change_partial"}}, {"model": "auth.permission", "pk": 59, "fields": {"name": "Can delete partial", "content_type": 15, "codename": "delete_partial"}}, {"model": "auth.permission", "pk": 60, "fields": {"name": "Can view partial", "content_type": 15, "codename": "view_partial"}}, {"model": "auth.permission", "pk": 61, "fields": {"name": "Can add Заказ", "content_type": 16, "codename": "add_order"}}, {"model": "auth.permission", "pk": 62, "fields": {"name": "Can change Заказ", "content_type": 16, "codename": "change_order"}}, {"model": "auth.permission", "pk": 63, "fields": {"name": "Can delete Заказ", "content_type": 16, "codename": "delete_order"}}, {"model": "auth.permission", "pk": 64, "fields": {"name": "Can view Заказ", "content_type": 16, "codename": "view_order"}}, {"model": "auth.permission", "pk": 65, "fields": {"name": "Can add order item", "content_type": 17, "codename": "add_orderitem"}}, {"model": "auth.permission", "pk": 66, "fields": {"name": "Can change order item", "content_type": 17, "codename": "change_orderitem"}}, {"model": "auth.permission", "pk": 67, "fields": {"name": "Can delete order item", "content_type": 17, "codename": "delete_orderitem"}}, {"model": "auth.permission", "pk": 68, "fields": {"name": "Can view order item", "content_type": 17, "codename": "view_orderitem"}}, {"model": "sessions.session", "pk": "wck6yanlqq9zqstxrblmez6bq6xg8u2a", "fields": {"session_data": ".eJxVjMsOwiAQRf-FtSE8C7h07zcQmGGkaiAp7cr479qkC93ec859sZi2tcZtlCXOyM5MsdPvlhM8StsB3lO7dQ69rcuc-a7wgw5-7Viel8P9O6hp1G8N2qKjQJBMoDIZoWVWwUmNToniScHkQCgTDJrkMGN2VpP1BLKQz4q9P-rhOEI:1m9VqF:RteC-8zkfAyvsUzFpIU9EEn7KpulPassMLX91i_f1f4", "expire_date": "2021-08-13T16:58:35.965Z"}}, {"model": "mainapp.productcategory", "pk": 1, "fields": {"name": "Новинки", "description": ""}}, {"model": "mainapp.productcategory", "pk": 2, "fields": {"name": "Одежда", "description": ""}}, {"model": "mainapp.productcategory", "pk": 3, "fields": {"name": "Обувь", "description": ""}}, {"model": "mainapp.productcategory", "pk": 4, "fields": {"name": "Подарки", "description": ""}}, {"model": "mainapp.productcategory", "pk": 5, "fields": {"name": "Аксессуары", "description": ""}}, {"model": "mainapp.product", "pk": 1, "fields": {"name": "Худи черного цвета с монограммами adidas Originals", "description": "Мягкая ткань для свитшотов. Стиль и комфорт – это образ жизни.", "image": "products_images/Adidas-hoodie.png", "price": "6090.00", "quantity": 15, "category": 2, "is_deleted": false}}, {"model": "mainapp.product", "pk": 2, "fields": {"name": "Синяя куртка The North Face", "description": "Гладкая ткань. Водонепроницаемое покрытие. Легкий и теплый пуховый наполнитель.", "image": "products_images/Blue-jacket-The-North-Face.png", "price": "23725.00", "quantity": 18, "category": 2, "is_deleted": false}}, {"model": "mainapp.product", "pk": 3, "fields": {"name": "Коричневый спортивный oversized-топ ASOS DESIGN", "description": "Материал с плюшевой текстурой. Удобный и мягкий.", "image": "products_images/Brown-sports-oversized-top-ASOS-DESIGN.png", "price": "3390.00", "quantity": 86, "category": 2, "is_deleted": false}}, {"model": "mainapp.product", "pk": 4, "fields": {"name": "Черный рюкзак Nike Heritage", "description": "Плотная ткань. Легкий материал.", "image": "products_images/Black-Nike-Heritage-backpack.png", "price": "2340.00", "quantity": 13, "category": 1, "is_deleted": false}}, {"model": "mainapp.product", "pk": 5, "fields": {"name": "Черные туфли на платформе с 3 парами люверсов Dr Martens 1461 Be", "description": "Гладкий кожаный верх. Натуральный материал.", "image": "products_images/Black-Dr-Martens-shoes.png", "price": "13590.00", "quantity": 4, "category": 3, "is_deleted": false}}, {"model": "mainapp.product", "pk": 6, "fields": {"name": "Темно-синие широкие строгие брюки ASOS DESIGN", "description": "Легкая эластичная ткань сирсакер Фактурная ткань.", "image": "products_images/Dark-blue-wide-leg-ASOs-DESIGN-trousers.png", "price": "2890.00", "quantity": 23, "category": 2, "is_deleted": false}}, {"model": "authapp.user", "pk": 2, "fields": {"password": "pbkdf2_sha256$260000$JSBce3tMBXEataVzHuUX1U$2AF+5yidKotKWlCtsyup/0T6bKr61iVSMgos3m60Tgg=", "last_login": "2021-07-30T16:58:35.951Z", "is_superuser": true, "username": "admin", "first_name": "aaaaaaa", "last_name": "aaaaaaa", "email": "aaaaaa@mail.ru", "is_staff": true, "is_active": true, "date_joined": "2021-07-24T08:29:36.774Z", "avatar": "", "birthday": "2021-07-24", "activation_key": "", "activation_key_expiring": "2021-07-26T08:29:25.502Z", "groups": [], "user_permissions": []}}, {"model": "authapp.user", "pk": 13, "fields": {"password": "pbkdf2_sha256$260000$9JKjenauNt4MlkqWndnmut$giOJ+mnVyOuHmscMr/Rk+ghb66n/CrjF4xkUN3/pjXQ=", "last_login": null, "is_superuser": false, "username": "kllraz", "first_name": "Кирилл", "last_name": "Разыграев", "email": "kllraz@yandex.ru", "is_staff": false, "is_active": false, "date_joined": "2021-07-25T09:54:28.409Z", "avatar": "", "birthday": "2021-07-25", "activation_key": "850e5ccad41705cdd2a2596c4e379cbc3f0f8550", "activation_key_expiring": "2021-07-27T09:48:28.112Z", "groups": [], "user_permissions": []}}, {"model": "authapp.user", "pk": 14, "fields": {"password": "pbkdf2_sha256$260000$cWmjNlTcpntPnaS0zU7Nra$ScL39lNNKmvbEZRR+8G80sX6WIcDYUY9YQ62ZF9Nb1M=", "last_login": null, "is_superuser": false, "username": "kllraz2", "first_name": "Кирилл", "last_name": "Разыграев", "email": "kllraz@yandex.ru", "is_staff": false, "is_active": false, "date_joined": "2021-07-25T09:55:55.845Z", "avatar": "", "birthday": "2021-07-25", "activation_key": "dd8e6b8c03413d6d1dd5fae061411056fe239589", "activation_key_expiring": "2021-07-27T09:48:28.112Z", "groups": [], "user_permissions": []}}, {"model": "authapp.user", "pk": 16, "fields": {"password": "!WHOHPSOOWVB6BcKaABbEj2fiXt7rMyEQhQ2fsoS6", "last_login": "2021-07-25T09:57:08.152Z", "is_superuser": false, "username": "KLLRAZ", "first_name": "Кирилл", "last_name": "Разыграев", "email": "KLLRAZ@yandex.ru", "is_staff": false, "is_active": true, "date_joined": "2021-07-25T09:57:08.085Z", "avatar": "", "birthday": "2006-06-08", "activation_key": "", "activation_key_expiring": "2021-07-27T09:57:05.746Z", "groups": [], "user_permissions": []}}, {"model": "authapp.user", "pk": 17, "fields": {"password": "!YEDEfySOwPttbjkGx50y6BfkApcQn0kHu5xrgoI8", "last_login": "2021-07-28T09:35:08.211Z", "is_superuser": false, "username": "id151214576", "first_name": "Кирилл", "last_name": "Разыграев", "email": "kllraz@yandex.ru", "is_staff": false, "is_active": true, "date_joined": "2021-07-28T09:35:08.089Z", "avatar": "", "birthday": "1999-06-08", "activation_key": "", "activation_key_expiring": "2021-07-30T09:23:47.704Z", "groups": [], "user_permissions": []}}, {"model": "authapp.userprofile", "pk": 2, "fields": {"user": 2, "tagline": "", "about_me": "", "gender": "M"}}, {"model": "authapp.userprofile", "pk": 13, "fields": {"user": 13, "tagline": "", "about_me": "", "gender": ""}}, {"model": "authapp.userprofile", "pk": 14, "fields": {"user": 14, "tagline": "", "about_me": "", "gender": ""}}, {"model": "authapp.userprofile", "pk": 16, "fields": {"user": 16, "tagline": "", "about_me": "", "gender": "M"}}, {"model": "authapp.userprofile", "pk": 17, "fields": {"user": 17, "tagline": "", "about_me": "", "gender": "M"}}, {"model": "ordersapp.order", "pk": 9, "fields": {"user": 2, "created": "2021-07-29T20:50:29.671Z", "updated": "2021-07-29T21:29:25.140Z", "status": "FM", "is_active": false}}, {"model": "ordersapp.order", "pk": 10, "fields": {"user": 2, "created": "2021-07-29T20:50:36.532Z", "updated": "2021-07-29T20:50:36.556Z", "status": "FM", "is_active": false}}, {"model": "ordersapp.order", "pk": 11, "fields": {"user": 2, "created": "2021-07-29T21:29:29.859Z", "updated": "2021-07-29T21:39:07.966Z", "status": "FM", "is_active": false}}, {"model": "ordersapp.order", "pk": 13, "fields": {"user": 2, "created": "2021-07-30T17:03:58.741Z", "updated": "2021-07-30T20:43:01.341Z", "status": "FM", "is_active": false}}, {"model": "ordersapp.order", "pk": 14, "fields": {"user": 2, "created": "2021-07-31T08:26:20.478Z", "updated": "2021-07-31T08:39:00.967Z", "status": "FM", "is_active": false}}, {"model": "ordersapp.order", "pk": 22, "fields": {"user": 2, "created": "2021-08-01T11:52:46.139Z", "updated": "2021-08-02T18:31:01.922Z", "status": "FM", "is_active": true}}, {"model": "ordersapp.orderitem", "pk": 5, "fields": {"order": 9, "product": 2, "quantity": 1}}, {"model": "ordersapp.orderitem", "pk": 6, "fields": {"order": 9, "product": 3, "quantity": 1}}, {"model": "ordersapp.orderitem", "pk": 7, "fields": {"order": 9, "product": 3, "quantity": 1}}, {"model": "ordersapp.orderitem", "pk": 8, "fields": {"order": 9, "product": 1, "quantity": 1}}, {"model": "ordersapp.orderitem", "pk": 9, "fields": {"order": 11, "product": 1, "quantity": 5}}, {"model": "ordersapp.orderitem", "pk": 10, "fields": {"order": 11, "product": 2, "quantity": 2}}, {"model": "ordersapp.orderitem", "pk": 12, "fields": {"order": 13, "product": 5, "quantity": 6}}, {"model": "ordersapp.orderitem", "pk": 13, "fields": {"order": 13, "product": 1, "quantity": 6}}, {"model": "ordersapp.orderitem", "pk": 14, "fields": {"order": 13, "product": 5, "quantity": 1}}, {"model": "ordersapp.orderitem", "pk": 15, "fields": {"order": 14, "product": 3, "quantity": 1}}, {"model": "ordersapp.orderitem", "pk": 21, "fields": {"order": 22, "product": 1, "quantity": 2}}, {"model": "ordersapp.orderitem", "pk": 22, "fields": {"order": 22, "product": 1, "quantity": 3}}, {"model": "social_django.usersocialauth", "pk": 9, "fields": {"user": 16, "provider": "yandex-oauth2", "uid": "942870032", "extra_data": "{\"auth_time\": 1627207028, \"access_token\": \"AQAAAAA4Mw4QAAdE3-LMDwW7gEIrlFqNSTs0zsk\", \"token_type\": \"bearer\"}", "created": "2021-07-25T09:57:08.113Z", "modified": "2021-07-25T09:57:08.120Z"}}, {"model": "social_django.usersocialauth", "pk": 10, "fields": {"user": 17, "provider": "vk-oauth2", "uid": "151214576", "extra_data": "{\"auth_time\": 1627464908, \"id\": 151214576, \"expires\": 86400, \"access_token\": \"8d8eee4f5a2455e1cce447b2b3bf5da4c3cae51b4afcd9c59ed554dbebf26a0999b898ae7c83eb4aecd6d\", \"token_type\": null}", "created": "2021-07-28T09:35:08.170Z", "modified": "2021-07-28T09:35:08.177Z"}}]